timestamp,episode,step,algorithm,student_id,student_level,state_TP,state_ME,state_SR,state_IS,state_TC,state_EX,state_PC,state_SA,action_taken,action_type,reward,cumulative_reward,q_value,epsilon,learning_rate,td_error,rvi,esi,training_efficiency,convergence_metric
2025-09-28T21:20:08.925968,0,1,SAC,student_0,beginner,0.3987344010685754,0.26759658609456916,0.18772692284916082,0.9275120440999394,0.5128981731171873,0.9801724227690316,0.280824804237754,0.41978672036636433,EP,Teaching strategy,-0.8168480135447006,-0.8168480135447006,0.02047993363652245,1.0,0.001,0.030778710133657485,0.13741389879307742,0.8715341263002527,0,0
2025-09-28T21:20:08.948951,0,2,SAC,student_0,beginner,0.058626048752587145,0.11930147714784267,0.7331996049421728,0.6990786197154245,0.23155346140140942,0.16575009825848952,0.7730179627883957,0.2954272864747919,TE,Teaching strategy,-0.9852702081197955,-1.8021182216644962,0.619870891767756,1.0,0.001,0.0022763669749560123,0.38729887480202585,0.6401324529571784,0,0
2025-09-28T21:20:08.964941,0,3,SAC,student_0,beginner,0.5692396130913537,0.2918799655624832,0.5806977336585579,0.3094608517589744,0.9976551834587903,0.7650680562072579,0.7816415848244542,0.7244947877420859,TE,Teaching strategy,0.913494501705296,-0.8886237199592002,0.06541977393181675,1.0,0.001,0.04636108194793015,0.2362515846468568,0.943941319964934,0,0
2025-09-28T21:20:08.981936,0,4,SAC,student_0,beginner,0.8001153861059994,0.3777741359479082,0.2950212534743971,0.4890131908390227,0.6603805663371387,0.4197328517101302,0.4710637103127291,0.9034389505232153,SRP,Teaching strategy,1.0388273319828962,0.15020361202369603,0.6634015766146498,1.0,0.001,0.08101152912749222,0.4902457351159958,0.8990529939210907,0,0
2025-09-28T21:20:08.994925,0,5,SAC,student_0,beginner,0.875221778647881,0.9034339719595214,0.7423159086637021,0.24266310747572628,0.12452106628256676,0.5921748862629506,0.0876254811644539,0.6181061302182546,TE,Teaching strategy,0.49176363274854484,0.6419672447722409,0.44263210288844357,1.0,0.001,0.009491176926522417,0.3222191431550335,0.8225505070438601,0,0
2025-09-28T21:20:09.018912,0,6,SAC,student_0,beginner,0.823177212655206,0.6216883550109523,0.38262328683166347,0.5003888775638025,0.01847295667890103,0.9520813906158803,0.7048600635283886,0.0655241480680705,TE,Teaching strategy,0.9752923258572874,1.6172595706295283,0.826497657507851,1.0,0.001,0.00237525630178439,0.30703278286330193,0.6276329867902507,0,0
2025-09-28T21:20:09.032906,0,7,SAC,student_0,beginner,0.0493602543711098,0.34838137465416574,0.1042712178821823,0.46447757512465715,0.3696358390582031,0.31013127309065813,0.3693194640175067,0.7230056825928163,TE,Teaching strategy,-0.3201398891993792,1.297119681430149,0.19093238498941556,1.0,0.001,0.021689920940264895,0.3744919090662766,0.8711173442089573,0,0
2025-09-28T21:20:09.065885,0,8,SAC,student_0,beginner,0.8105447466536172,0.4208682447790676,0.903677688531347,0.7373005410343167,0.4815975157564172,0.06671730604293669,0.1696602832335965,0.546684067140216,CIT,Teaching strategy,0.012700492787263373,1.3098201742174125,0.8408992105909192,1.0,0.001,0.017502489539422506,0.15570408290693216,0.6079223608724996,0,0
2025-09-28T21:20:09.088871,0,9,SAC,student_0,beginner,0.47027332687384715,0.15522418686075246,0.09830217339597414,0.08802622087752265,0.06437866494437083,0.11166847355043619,0.19435562943635354,0.10559057131057692,EP,Teaching strategy,1.2261627926929402,2.5359829669103524,0.2241543288752622,1.0,0.001,0.09448178626863446,0.2359572271336343,0.8958526339399877,0,0
2025-09-28T21:20:09.106862,0,10,SAC,student_0,beginner,0.9025317579391036,0.5657892451477406,0.9510390273130814,0.33688982518110067,0.8153414065462605,0.6411299242464821,0.4987845146036304,0.06471548329371424,TE,Teaching strategy,1.2754161954071024,3.811399162317455,0.5316721730909993,1.0,0.001,0.07703985769395531,0.4677289205457392,0.9411583246551813,0,0
2025-09-28T21:20:09.123850,0,11,SAC,student_0,beginner,0.06678018346702064,0.6759741631103239,0.9121654436759228,0.7716946471994789,0.8588171234951212,0.5812094677965514,0.5643558583048672,0.9480897855816153,CIT,Teaching strategy,1.66078248433206,5.472181646649515,0.23294926887608036,1.0,0.001,0.07577296208732343,0.46722327859444457,0.8550952874573576,0,0
2025-09-28T21:20:09.141846,0,12,SAC,student_0,beginner,0.46629428641726833,0.22435266545910693,0.3797801682843315,0.43448399592679154,0.5731614702725784,0.8096138156962269,0.9282163615307978,0.1271791115179236,CIT,Teaching strategy,1.6852584967430277,7.157440143392543,0.9791874801999056,1.0,0.001,0.04432692319186963,0.49660447698142385,0.8904572038451486,0,0
2025-09-28T21:20:09.159841,0,13,SAC,student_0,beginner,0.8984364011501142,0.3118162760304374,0.2072900495257166,0.04922148867926479,0.22514244403703343,0.09493033561706787,0.2609454083156538,0.8212099060447072,EP,Teaching strategy,-0.26453391676884885,6.892906226623695,0.1340326977222711,1.0,0.001,0.0008943303627838572,0.3318873868490363,0.7304011910081012,0,0
2025-09-28T21:20:09.184827,0,14,SAC,student_0,beginner,0.4601681284517031,0.9319635023714495,0.5461171775730079,0.2928298307903181,0.034032357238111155,0.4714925596109747,0.15815377658343666,0.05704507357834243,EP,Teaching strategy,1.5100769841015644,8.40298321072526,0.920619202833905,1.0,0.001,0.026572804221208335,0.3012105042437594,0.5743402572999707,0,0
2025-09-28T21:20:09.201817,0,15,SAC,student_0,beginner,0.13663943816663604,0.056542817609409934,0.7420075803194246,0.4226509649686202,0.24163700563620583,0.6848789202151149,0.08818857653913337,0.036066635893420074,EP,Teaching strategy,0.21744526053394586,8.620428471259206,0.9520646406242361,1.0,0.001,0.006096810261398822,0.16490644878589544,0.750539338842335,0,0
2025-09-28T21:20:09.228802,0,16,SAC,student_0,beginner,0.7048583119318949,0.45798576419963977,0.7603257020005214,0.5827480884707289,0.33894285492033926,0.5068355444106885,0.3698352888857861,0.9310374087940456,TE,Teaching strategy,1.792747291590545,10.41317576284975,0.13269260771030855,1.0,0.001,0.0531628664653117,0.4492287097602278,0.8515425906200242,0,0
2025-09-28T21:20:09.283771,0,17,SAC,student_0,beginner,0.918095097282054,0.02124898230602512,0.7097279994290695,0.6584133513980651,0.6323286123295367,0.7341981313235834,0.4909520572490408,0.27623488889066605,EP,Teaching strategy,1.7287831476228535,12.141958910472603,0.17886849781599878,1.0,0.001,0.058531185857427365,0.3059361019679081,0.6169643427634015,0,0
2025-09-28T21:20:09.307757,0,18,SAC,student_0,beginner,0.6044253359725854,0.9870850326222271,0.5987993618447313,0.3242477828274798,0.3269932490291968,0.9076276730605175,0.3171345799730866,0.7265540317283986,CIT,Teaching strategy,-0.9136622692824655,11.228296641190138,0.7843827499488218,1.0,0.001,0.057501627237518116,0.4525115033921794,0.5949381710415863,0,0
2025-09-28T21:20:09.323749,0,19,SAC,student_0,beginner,0.48713563877210353,0.6958487531970544,0.2409338746450954,0.8321467396378049,0.12413806781248271,0.30929871399183795,0.6550373744687917,0.9381634692957799,CIT,Teaching strategy,-0.6085782984516435,10.619718342738494,0.8428116952376917,1.0,0.001,0.030880290154787406,0.4309417059156583,0.721817967507521,0,0
2025-09-28T21:20:09.339740,0,20,SAC,student_0,beginner,0.028888864038353557,0.6119018224808374,0.20157447455781707,0.2566670031708769,0.1601092257343294,0.3336984725995408,0.8603963292212998,0.4865817349822553,SRP,Teaching strategy,1.5013866713165478,12.121105014055042,0.20219405378167388,1.0,0.001,0.01756428863090088,0.32998735755071174,0.841460456533254,0,0
2025-09-28T21:20:09.391708,1,1,TRPO,student_1,intermediate,0.280878427957286,0.6667114046585281,0.11534397271052776,0.24725837570967246,0.3235244365921831,0.6589477033446846,0.35171125499266476,0.12552987961302475,EP,Teaching strategy,1.980112445035643,1.980112445035643,0.26265623944229344,0.9,0.001,0.057434702602054626,0.4970315106575117,0.8446203778197376,0,0
2025-09-28T21:20:09.407700,1,2,TRPO,student_1,intermediate,0.7767479804252355,0.624626828082467,0.9036902551001864,0.14286715360009627,0.5508713810749155,0.5685027567412008,0.26073658233743857,0.7450721623702905,EP,Teaching strategy,-0.05259844968422067,1.9275139953514224,0.8955510813211893,0.9,0.001,0.07026358464664183,0.2412993491094981,0.6572013688575831,0,0
2025-09-28T21:20:09.423689,1,3,TRPO,student_1,intermediate,0.9838263952277115,0.44700775751837396,0.5732627769049484,0.3846413951339077,0.5517268707816122,0.613939915205304,0.8586573986232566,0.19608233490335447,TE,Teaching strategy,0.9879131777706043,2.9154271731220267,0.8060362454478811,0.9,0.001,0.06038302336063825,0.1955384813964122,0.6841378451993045,0,0
2025-09-28T21:20:09.441684,1,4,TRPO,student_1,intermediate,0.9769561968695675,0.9381619522752581,0.8613381909686085,0.34836513691394955,0.8634028902713773,0.2741251641942527,0.5896589334836112,0.4091141749145438,CIT,Teaching strategy,-0.5870072072905312,2.3284199658314955,0.8975658721111932,0.9,0.001,0.02759028092894641,0.3999764583506539,0.6947709808232526,0,0
2025-09-28T21:20:09.457671,1,5,TRPO,student_1,intermediate,0.48931890862291216,0.8901149084055154,0.2443623395206337,0.9399657762208704,0.39810464170947146,0.4907393276185892,0.5616984662295064,0.6455791591965246,CIT,Teaching strategy,-0.5591714442711444,1.769248521560351,0.6804854709219227,0.9,0.001,0.08452085337724734,0.2936699189932718,0.8247215115164784,0,0
2025-09-28T21:20:09.474663,1,6,TRPO,student_1,intermediate,0.025997644559221267,0.5539477207764062,0.2866021781655761,0.523078642793974,0.6511837393257526,0.20236022200888426,0.49986896024094407,0.7731864852272726,EP,Teaching strategy,1.7180466739360427,3.4872951954963938,0.4348922015288229,0.9,0.001,0.04343888744778083,0.44166891277113807,0.9363923667200932,0,0
2025-09-28T21:20:09.490653,1,7,TRPO,student_1,intermediate,0.7713229227648578,0.6797374863210446,0.07945736664885683,0.6595581224274893,0.8241108074781884,0.8049692131940595,0.4443139676411354,0.04424939357294133,EP,Teaching strategy,1.4905467850471776,4.977841980543571,0.23476400990982205,0.9,0.001,0.05477145770014777,0.3489289069074577,0.9094882505874272,0,0
2025-09-28T21:20:09.504645,1,8,TRPO,student_1,intermediate,0.5721751610802197,0.2465375704373457,0.17422917400632887,0.2046067974092397,0.1299683563709192,0.7352553708707512,0.8987059369998162,0.18700318981204345,SRP,Teaching strategy,-0.6072678360748647,4.370574144468707,0.2769098104906976,0.9,0.001,0.057968316566696015,0.3309428278314329,0.5368579070183614,0,0
2025-09-28T21:20:09.519637,1,9,TRPO,student_1,intermediate,0.170529180176897,0.1706147890336317,0.5007306975351927,0.31371579636240987,0.6553117427318206,0.38305219817660097,0.6100591336687939,0.41624066498386825,TE,Teaching strategy,1.5151739263871993,5.885748070855906,0.04826437118555471,0.9,0.001,0.05439676539537434,0.24702180887382155,0.6383730011845017,0,0
2025-09-28T21:20:09.536626,1,10,TRPO,student_1,intermediate,0.8939623121467466,0.38182989720554816,0.046722189630832855,0.7373268671671005,0.6398903070589059,0.18232501498425424,0.12612853243622446,0.8462392135936916,EP,Teaching strategy,1.811207832799738,7.696955903655644,0.8019437714966349,0.9,0.001,0.01616822591735202,0.4643321274250778,0.9200255007516384,0,0
2025-09-28T21:20:09.554130,1,11,TRPO,student_1,intermediate,0.7298962037075163,0.05596082825052151,0.40103203050020764,0.510519088917755,0.5334033139665151,0.5101560116338253,0.4262539031016791,0.6802470803735629,TE,Teaching strategy,1.084255224416097,8.78121112807174,0.026723580560248927,0.9,0.001,0.06676576199796388,0.23508297026314967,0.6337200470171203,0,0
2025-09-28T21:20:09.565124,1,12,TRPO,student_1,intermediate,0.31359070594358585,0.0014726461100983412,0.6970622417460495,0.18116860579921812,0.7378763863140999,0.44916852053886736,0.050313107817609004,0.4744079079507678,CIT,Teaching strategy,-0.2637310382796503,8.517480089792091,0.8875178209868708,0.9,0.001,0.010344279233402276,0.2729733608378374,0.5433403066429899,0,0
2025-09-28T21:20:09.583111,1,13,TRPO,student_1,intermediate,0.32562260851479585,0.2572741868351579,0.8204135384636166,0.3285328586115529,0.9349799629890498,0.3729126166680108,0.08516649028875922,0.7103261943083741,TE,Teaching strategy,-0.18814654515718598,8.329333544634904,0.6057869033157356,0.9,0.001,0.022314566465845287,0.20843490177088284,0.7857790714348136,0,0
2025-09-28T21:20:09.595106,1,14,TRPO,student_1,intermediate,0.40047810382419036,0.7246632432577242,0.30517022693777984,0.25667406720357455,0.034036325060203154,0.3616233944210392,0.35339662792809645,0.9869050296794534,EP,Teaching strategy,0.6987767857337588,9.028110330368664,0.3497978218355279,0.9,0.001,0.04911334079990436,0.22858081672495803,0.9151542792144889,0,0
2025-09-28T21:20:09.613096,1,15,TRPO,student_1,intermediate,0.5685484035389347,0.7696346636921422,0.2878712955916165,0.3410049581826028,0.46009000883304074,0.04592831132101394,0.5034042742654362,0.31605204719633495,TE,Teaching strategy,-0.051727393267967825,8.976382937100697,0.8881576941194054,0.9,0.001,0.016557215194443576,0.40807141482619513,0.842617710223938,0,0
2025-09-28T21:20:09.638081,1,16,TRPO,student_1,intermediate,0.5201659618723139,0.550640993670786,0.9937331503220287,0.7124776133381735,0.3251249247117719,0.6694601847249145,0.5849809057814517,0.3243934630417521,TE,Teaching strategy,0.9657726660760133,9.94215560317671,0.5758490249056036,0.9,0.001,0.0884311751667798,0.10424948822296631,0.6857495065348571,0,0
2025-09-28T21:20:09.652080,1,17,TRPO,student_1,intermediate,0.6368978298910969,0.21894365602924737,0.8863108628280555,0.7255581245569738,0.280757741408751,0.5855486329851161,0.18355457914744977,0.8297217233815883,TE,Teaching strategy,0.08012920012133762,10.022284803298048,0.2538499001658936,0.9,0.001,0.03281078028474709,0.45260099738590076,0.7515958234102222,0,0
2025-09-28T21:20:09.669064,1,18,TRPO,student_1,intermediate,0.8537972122410405,0.8144005168466594,0.2906103318161434,0.5952762568109229,0.4100625498455738,0.190703998891528,0.1401456613688058,0.10773638445433253,EP,Teaching strategy,-0.6918037980140103,9.330481005284037,0.3238750827963631,0.9,0.001,0.018073600417876458,0.14126018323602227,0.8413908532801214,0,0
2025-09-28T21:20:09.688051,1,19,TRPO,student_1,intermediate,0.8185379452474946,0.6118955572353859,0.6662205391072039,0.42640622426867436,0.5417079392796639,0.7329389389593711,0.5020179829916214,0.6643263632121482,EP,Teaching strategy,-0.39734822869767195,8.933132776586366,0.5323582580817906,0.9,0.001,0.0636826744116827,0.42581189664805363,0.9157998521362429,0,0
2025-09-28T21:20:09.703043,1,20,TRPO,student_1,intermediate,0.8362298970458558,0.543170259480927,0.1306099388258043,0.6519986478896038,0.3310325985867828,0.38106224255259824,0.36087446738154394,0.8464479828349214,CIT,Teaching strategy,0.7847021848037692,9.717834961390135,0.18539367044134925,0.9,0.001,0.05579420833771172,0.41146038334412516,0.8074607005300118,0,0
2025-09-28T21:20:09.767802,2,1,DQN,student_2,advanced,0.6635297282502429,0.6589433777677399,0.6988811312331336,0.6853801973233091,0.629627598184809,0.33998167633836374,0.05849257414068276,0.3172212276363514,CIT,Teaching strategy,-0.2591927131903753,-0.2591927131903753,0.19965417981558742,0.8,0.001,0.05216534900620136,0.13704309268428486,0.8427118681499312,0,0
2025-09-28T21:20:09.783793,2,2,DQN,student_2,advanced,0.21328334818934003,0.7306084776376328,0.8098110727130857,0.33262032695417165,0.6373401852505337,0.9459454341565611,0.04266494691253264,0.9252167331478062,TE,Teaching strategy,0.22845011361241307,-0.030742599577962215,0.920413440070387,0.8,0.001,0.09406769395908782,0.4321839387800347,0.7711128137480052,0,0
2025-09-28T21:20:09.798787,2,3,DQN,student_2,advanced,0.8172537479432374,0.9004446665907128,0.623896254143671,0.32681653143024303,0.8361627928747631,0.8178047346023941,0.9445313761027061,0.5044650026841022,SRP,Teaching strategy,-0.6633649701250267,-0.6941075697029889,0.40237068861687586,0.8,0.001,0.08733829240805577,0.29514484277791153,0.9028384666251439,0,0
2025-09-28T21:20:09.818774,2,4,DQN,student_2,advanced,0.04450219576272574,0.36875642656207963,0.13574453740785275,0.8685595147766945,0.10661310668309343,0.7059121898960187,0.5787510047565608,0.8460159766338896,SRP,Teaching strategy,-0.014049186681211023,-0.7081567563842,0.19418664893487458,0.8,0.001,0.03632860257735293,0.22934258684843997,0.5123357916939013,0,0
2025-09-28T21:20:09.834764,2,5,DQN,student_2,advanced,0.31724910178718935,0.08473877451716005,0.3218777985095913,0.4141121993176411,0.32238833653433363,0.9860224258209707,0.7278029490020329,0.08288387383354634,TE,Teaching strategy,-0.28500789600543064,-0.9931646523896306,0.829642631616438,0.8,0.001,0.06656364408877578,0.13823452913139123,0.8741086780671361,0,0
2025-09-28T21:20:09.851755,2,6,DQN,student_2,advanced,0.15633315221863686,0.5161933499848003,0.4593404196712694,0.545072808716989,0.8263058913317936,0.6040485216698644,0.2983435614040205,0.7386605639349682,EP,Teaching strategy,1.314006691642037,0.3208420392524064,0.4025938182807661,0.8,0.001,0.09142094427122312,0.2971811332039527,0.5667705734482307,0,0
2025-09-28T21:20:09.868747,2,7,DQN,student_2,advanced,0.690723562664012,0.9796164525607387,0.00833654621281732,0.4902419005935952,0.39011564298517587,0.5158800092418845,0.2882098516630468,0.9213529746586769,EP,Teaching strategy,0.6653209992336961,0.9861630384861025,0.2916438547229725,0.8,0.001,0.08498956850894857,0.11810478702426593,0.5401858883481497,0,0
2025-09-28T21:20:09.885737,2,8,DQN,student_2,advanced,0.9078384710381562,0.3831860737034546,0.10322536989565922,0.727972584790967,0.07173103833506844,0.8005176570463931,0.9699284745177453,0.22416143367588104,CIT,Teaching strategy,-0.7867574575858767,0.19940558090022587,0.6723036589042508,0.8,0.001,0.021635987191606823,0.1943882204307668,0.6749291509567084,0,0
2025-09-28T21:20:09.901726,2,9,DQN,student_2,advanced,0.6933582406629004,0.7964862149033974,0.30369577399070313,0.34663545843982024,0.4483042172485119,0.3301238898129538,0.07501183906895059,0.05910346395764898,CIT,Teaching strategy,1.699934632421881,1.8993402133221067,0.5621018379092919,0.8,0.001,0.034118412709887226,0.13222049502508396,0.7244762556672896,0,0
2025-09-28T21:20:09.918716,2,10,DQN,student_2,advanced,0.8446518775401419,0.486532434304366,0.7633431683568072,0.5486950432122794,0.7777739320196154,0.1407727552697614,0.36607849067506937,0.4314593745360976,CIT,Teaching strategy,1.1928172154041023,3.092157428726209,0.6781134710766112,0.8,0.001,0.04606569060829209,0.40183739896462567,0.7521286636100648,0,0
2025-09-28T21:20:09.937705,2,11,DQN,student_2,advanced,0.40389630302570434,0.35051155661761757,0.08169609832811409,0.3996248472768429,0.37564473955276356,0.5858664270370653,0.09151268922387723,0.33042938695639046,SRP,Teaching strategy,1.5103328715150934,4.6024903002413025,0.35513573340418814,0.8,0.001,0.045228745811587284,0.41277357622751,0.81555102109458,0,0
2025-09-28T21:20:09.955695,2,12,DQN,student_2,advanced,0.3915258088238901,0.03539831411526262,0.02962920909834177,0.762372785844529,0.9044214053443369,0.38418126102255534,0.3428953763835718,0.7366196135497499,SRP,Teaching strategy,0.13025253604402187,4.7327428362853246,0.9611958040195118,0.8,0.001,0.05460622741582906,0.48440516339481887,0.8195257570109793,0,0
2025-09-28T21:20:09.973684,2,13,DQN,student_2,advanced,0.6063546886600335,0.938302072773553,0.9333738248378437,0.940825293914739,0.6936524454004311,0.5047521937982483,0.8559416375631644,0.044883864354395286,CIT,Teaching strategy,1.606896415189122,6.339639251474447,0.2078715091821015,0.8,0.001,0.06122074728032052,0.41110657383840943,0.5871914666590702,0,0
2025-09-28T21:20:09.991677,2,14,DQN,student_2,advanced,0.49851049111428736,0.6336382571389731,0.45289595530873294,0.66883310257773,0.6598093010250178,0.3283699376921704,0.5125488890582061,0.34570067621917944,EP,Teaching strategy,-0.05791635957181307,6.281722891902634,0.060216157539763504,0.8,0.001,0.03166912129042496,0.41533760195877467,0.5869946633655159,0,0
2025-09-28T21:20:10.015664,2,15,DQN,student_2,advanced,0.10113101247664835,0.7769836007020643,0.17268332477285853,0.45547943646085076,0.3541179426634936,0.19241535964539436,0.47262166223216673,0.2664261569594163,EP,Teaching strategy,-0.2575549979741897,6.024167893928444,0.16961777663195354,0.8,0.001,0.08597699578702885,0.21404278034771798,0.7522022218749269,0,0
2025-09-28T21:20:10.026654,2,16,DQN,student_2,advanced,0.16394355400748384,0.34724068373072936,0.30729238820171767,0.8590530563280684,0.45008583443363515,0.12768210978064976,0.9640116376116273,0.3413236673442226,TE,Teaching strategy,1.3535937177624588,7.377761611690904,0.49835306196921847,0.8,0.001,0.05249557220833345,0.20847018499748426,0.7864397107221118,0,0
2025-09-28T21:20:10.049641,2,17,DQN,student_2,advanced,0.7601008593293875,0.627323133778502,0.7207354355141071,0.431454822739481,0.4370475868148599,0.8383479054113642,0.7504845224697997,0.0191611289879694,SRP,Teaching strategy,-0.26371173792344904,7.1140498737674545,0.8814170835709518,0.8,0.001,0.01791448699850843,0.2666781822897391,0.5057013848035965,0,0
2025-09-28T21:20:10.061643,2,18,DQN,student_2,advanced,0.5399036090932386,0.1927881367655747,0.3702659639669139,0.5859646983562725,0.05174332408184945,0.076391085823319,0.418525025665745,0.9006210301859002,EP,Teaching strategy,1.998688996993761,9.112738870761216,0.4069678774830594,0.8,0.001,0.08637243173454329,0.17220416054890536,0.7936851226839552,0,0
2025-09-28T21:20:10.079630,2,19,DQN,student_2,advanced,0.487843193360343,0.43776124844894904,0.85121212995076,0.310776812054703,0.46960567467415903,0.4306852286482544,0.5564888580494903,0.16603545003691322,TE,Teaching strategy,0.1897615245528561,9.302500395314073,0.29905063957889866,0.8,0.001,0.04274302452210128,0.42839717633699315,0.7846216208129053,0,0
2025-09-28T21:20:10.093623,2,20,DQN,student_2,advanced,0.6048704667438097,0.9895965054457133,0.5743765238009916,0.22394876142462306,0.24489732080660453,0.7419357258861192,0.001541986202430179,0.7690983691379397,EP,Teaching strategy,-0.6479433232022188,8.654557072111855,0.9136247712505438,0.8,0.001,0.0481102634092753,0.29445082346097395,0.6582912708887181,0,0
2025-09-28T21:20:10.144595,3,1,TRPO,student_3,advanced,0.15022023694853182,0.7397126835202483,0.9394573440873576,0.15501797416166518,0.2169759802911927,0.9215234084715779,0.8163668796973148,0.39989034090926534,TE,Teaching strategy,1.9954916670662,1.9954916670662,0.6107799093393015,0.7,0.001,0.0463005925643601,0.19928019966349636,0.598571438326641,0,0
2025-09-28T21:20:10.155248,3,2,TRPO,student_3,advanced,0.6535453919068319,0.10337347988445744,0.8521151160738424,0.7267107210589744,0.9059694264629862,0.23362765781014283,0.5513446804371,0.7993346935058094,CIT,Teaching strategy,1.7411271360139047,3.7366188030801046,0.6091980988949769,0.7,0.001,0.0237044648128667,0.11009551280329971,0.615906503039152,0,0
2025-09-28T21:20:10.179234,3,3,TRPO,student_3,advanced,0.4566907900471172,0.92529417700097,0.8281905406127411,0.5573313202575965,0.2634282037239667,0.9394185678359618,0.15908479297771982,0.618556589141274,CIT,Teaching strategy,-0.5373486752164578,3.199270127863647,0.04177927959523908,0.7,0.001,0.021001602582143966,0.13082261628258093,0.9210028107075248,0,0
2025-09-28T21:20:10.198222,3,4,TRPO,student_3,advanced,0.327232797666947,0.6648680081506829,0.5488827090896915,0.004636706591746753,0.7435690911114788,0.7940180939555904,0.8715860214190544,0.35189761437162226,EP,Teaching strategy,0.4151197867481653,3.614389914611812,0.07321897358540863,0.7,0.001,0.03602568275931254,0.20177109765364315,0.8467361306516142,0,0
2025-09-28T21:20:10.218211,3,5,TRPO,student_3,advanced,0.5761182160644801,0.31719270346660045,0.2869132782407272,0.25337577140704304,0.8499872306184348,0.30002865426732706,0.3683904412416341,0.8752275210047953,EP,Teaching strategy,1.7831029365900273,5.397492851201839,0.27690833225707856,0.7,0.001,0.03740725870663347,0.1086852445947168,0.5988559034481304,0,0
2025-09-28T21:20:10.251192,3,6,TRPO,student_3,advanced,0.8805435864977164,0.6330882817939502,0.7292867641260405,0.641984862356095,0.3364147420077084,0.2659603514572454,0.4477724865208478,0.03518217662012335,CIT,Teaching strategy,-0.9042613127475596,4.49323153845428,0.18158761268214518,0.7,0.001,0.058131817943740005,0.3926200326857957,0.7290059830344991,0,0
2025-09-28T21:20:10.277179,3,7,TRPO,student_3,advanced,0.052243767606789504,0.22090278594547674,0.4537875782383659,0.12316602547809585,0.859973015996759,0.8752166986724657,0.939341191050322,0.571009931016325,CIT,Teaching strategy,1.688243928656389,6.181475467110669,0.18873062898401205,0.7,0.001,0.03367059002700856,0.21731446279497826,0.5942198232581616,0,0
2025-09-28T21:20:10.293169,3,8,TRPO,student_3,advanced,0.6111724040211369,0.3012639639268804,0.5491589306428677,0.2307622660117864,0.6876333597715661,0.15439395110780696,0.055990256132205096,0.7538325080663509,CIT,Teaching strategy,1.5660705555641896,7.747546022674859,0.02260792953664259,0.7,0.001,0.05203302734839978,0.11711472566309977,0.6010609096207166,0,0
2025-09-28T21:20:10.330148,3,9,TRPO,student_3,advanced,0.9272226536405385,0.9050293342345889,0.9288901396877601,0.7697543940183301,0.22683445613465802,0.29204173037786163,0.8981417152357443,0.8020026214041663,TE,Teaching strategy,1.4517461574675328,9.199292180142391,0.7158019139616342,0.7,0.001,0.013006515708299594,0.17737438824597201,0.850663404848916,0,0
2025-09-28T21:20:10.355133,3,10,TRPO,student_3,advanced,0.6120008877149659,0.3832066157514359,0.7934911361905764,0.4388013376508504,0.2888085138903812,0.03997382047915954,0.664680180979449,0.6993551357491037,EP,Teaching strategy,-0.7892756745529242,8.410016505589468,0.07290514513897761,0.7,0.001,0.0608205332746301,0.14772361421515293,0.8457415792356888,0,0
2025-09-28T21:20:10.374124,3,11,TRPO,student_3,advanced,0.03850211623121469,0.513796070546749,0.5516267102730331,0.4707647486721863,0.38520876933344506,0.2840316353000144,0.0016266503296048507,0.5381021788186306,EP,Teaching strategy,1.6330832282999497,10.043099733889417,0.03335518294464013,0.7,0.001,0.08347453774471311,0.43909158191290976,0.6445438491503961,0,0
2025-09-28T21:20:10.405105,3,12,TRPO,student_3,advanced,0.19270499835887223,0.30223708472590916,0.32113119188361794,0.004125246289403028,0.6367342852922903,0.2659929034433476,0.9443003011233237,0.9910366904109361,TE,Teaching strategy,0.7801417975333655,10.823241531422783,0.4061309495277209,0.7,0.001,0.03422206149596934,0.25438695895519803,0.5817138196907343,0,0
2025-09-28T21:20:10.448081,3,13,TRPO,student_3,advanced,0.5757585183338675,0.7825504490376853,0.44270044247989404,0.004548576118950098,0.16462294355968654,0.7955471241303977,0.8743387824097316,0.6395929797227837,SRP,Teaching strategy,-0.8784388938686848,9.944802637554098,0.996465893847442,0.7,0.001,0.09428595133032597,0.2965102556766422,0.8640002596708288,0,0
2025-09-28T21:20:10.487058,3,14,TRPO,student_3,advanced,0.649662991899508,0.9112974515012903,0.4853104760955653,0.8697979277171088,0.2491959953707652,0.6053769200965361,0.6715392886282009,0.663926452427482,EP,Teaching strategy,1.6866312929874305,11.631433930541528,0.4896428890076481,0.7,0.001,0.07825678616589186,0.29840872613578534,0.6400122961788939,0,0
2025-09-28T21:20:10.527034,3,15,TRPO,student_3,advanced,0.431067367512875,0.1030362118684548,0.3349915328396269,0.6934775298348078,0.26117463843428035,0.7227732808023558,0.4013258524151403,0.9816850842643395,TE,Teaching strategy,1.317961210076108,12.949395140617636,0.3657940775045636,0.7,0.001,0.06601584681552258,0.34765523579258906,0.5173794480187114,0,0
2025-09-28T21:20:10.556018,3,16,TRPO,student_3,advanced,0.5444354771175905,0.13529803807594232,0.9475200487806358,0.734792266360806,0.5337618715616661,0.8137079731513369,0.3217172129207939,0.38127767393868384,SRP,Teaching strategy,1.887378736815438,14.836773877433075,0.7501437959245141,0.7,0.001,0.0657255164646028,0.4331548855230548,0.588579439382824,0,0
2025-09-28T21:20:10.569010,3,17,TRPO,student_3,advanced,0.09072321859572285,0.43266413528776737,0.3232428726638865,0.008802650592657835,0.872758825378691,0.583876866596397,0.7333054869880418,0.5076652020249472,TE,Teaching strategy,-0.35465275056703793,14.482121126866037,0.35713215868431514,0.7,0.001,0.0468095560069021,0.3571737950818684,0.7599838981796205,0,0
2025-09-28T21:20:10.598994,3,18,TRPO,student_3,advanced,0.010938005816476193,0.8689954618319409,0.6581899449058581,0.17590460241251815,0.6762775410887177,0.5371967649574945,0.9753256782679971,0.5723007363552824,TE,Teaching strategy,0.8009904389707938,15.283111565836832,0.5433314510532546,0.7,0.001,0.06466682020315406,0.3454200187540566,0.6712965510896179,0,0
2025-09-28T21:20:10.644969,3,19,TRPO,student_3,advanced,0.4209901794082793,0.8601314906182443,0.8347320229630445,0.6096854703842461,0.8011251946810594,0.748116083145452,0.17285341213294603,0.7356910449938194,TE,Teaching strategy,1.1609918726203396,16.44410343845717,0.00997733593079786,0.7,0.001,0.07168162007106085,0.13067443955208577,0.6909793635536705,0,0
2025-09-28T21:20:10.664956,3,20,TRPO,student_3,advanced,0.12238221112080705,0.875579980187034,0.8380456867053298,0.2823183799565224,0.34893950369258875,0.27270308653003006,0.9222852597320205,0.4723803347192195,CIT,Teaching strategy,1.0855310001255263,17.529634438582697,0.2117640917179563,0.7,0.001,0.018437928626289825,0.39472462514365236,0.6132971604588056,0,0
2025-09-28T21:20:10.738915,4,1,Q-learning,student_4,beginner,0.11401302978763606,0.4913121022718716,0.5401309804722499,0.817691744990403,0.8718234691743957,0.15873866794405522,0.5384214768638149,0.4565754285891642,TE,Teaching strategy,0.28625751118309806,0.28625751118309806,0.01738360153121099,0.6,0.001,0.09750972775278972,0.3026756166818321,0.8569863917702142,0,0
2025-09-28T21:20:10.760905,4,2,Q-learning,student_4,beginner,0.13466379909545667,0.44544813347635037,0.18358919297920095,0.6920596012944418,0.5400995007464497,0.37963262858818747,0.9624436960725998,0.036691704889333265,CIT,Teaching strategy,1.0811594253466223,1.3674169365297204,0.609629330682074,0.6,0.001,0.07778893858785381,0.2895984535930203,0.9162570019034728,0,0
2025-09-28T21:20:10.777891,4,3,Q-learning,student_4,beginner,0.1780491198118923,0.7561471497940038,0.03945969911297331,0.48937945457328047,0.837528853725591,0.8224421158066261,0.2404190418090244,0.7862806275333124,SRP,Teaching strategy,-0.9118081816239817,0.4556087549057387,0.3868028686925833,0.6,0.001,0.04100322814374577,0.3553491346730342,0.648671735955011,0,0
2025-09-28T21:20:10.796881,4,4,Q-learning,student_4,beginner,0.2864463097734622,0.7061159982872641,0.48179858549195353,0.703617425676847,0.25725969783723546,0.8960631557229508,0.6124952848934456,0.6076358786885467,CIT,Teaching strategy,0.3021276799339043,0.757736434839643,0.8325595292191336,0.6,0.001,0.00783549501918539,0.3443799897912342,0.8684893960743387,0,0
2025-09-28T21:20:10.809873,4,5,Q-learning,student_4,beginner,0.011497636795365307,0.38201473564554544,0.17057344400075025,0.3973357488256579,0.1108613313763197,0.3192489707019567,0.288362480079114,0.5664560179136753,EP,Teaching strategy,-0.12336509097940773,0.6343713438602353,0.16850520866199747,0.6,0.001,0.0943821163994592,0.38484985825106444,0.7597755589058823,0,0
2025-09-28T21:20:10.833860,4,6,Q-learning,student_4,beginner,0.6652945809916829,0.3693027916495748,0.006251279027119638,0.3734617455751872,0.7739130104657903,0.3913275890534659,0.7155845224815587,0.9077421697228111,EP,Teaching strategy,-0.5992945886500777,0.03507675521015763,0.11763959176998606,0.6,0.001,0.02452734349768342,0.30139495838537655,0.7439119230049227,0,0
2025-09-28T21:20:10.846853,4,7,Q-learning,student_4,beginner,0.4598762028939197,0.3090004361221328,0.5845472225064811,0.6994700895621861,0.8593623811610698,0.19995132983054587,0.7174700935808223,0.6304312249804535,TE,Teaching strategy,1.6727289031692343,1.707805658379392,0.2680448805187923,0.6,0.001,0.0988322105896844,0.45754158829554503,0.8205245552725757,0,0
2025-09-28T21:20:10.869839,4,8,Q-learning,student_4,beginner,0.0741323782295612,0.7153301803415782,0.48628736454328614,0.525093873647602,0.7317167341516233,0.4953694395784375,0.6186094729313196,0.7866939006695202,SRP,Teaching strategy,-0.8714654866268787,0.8363401717525132,0.021152701653533446,0.6,0.001,0.049809807822074725,0.1198943528683008,0.5799478936852781,0,0
2025-09-28T21:20:10.891827,4,9,Q-learning,student_4,beginner,0.6846045024344404,0.3126759207372294,0.9577306828495613,0.9720145167476729,0.3600053965967742,0.8899793504502748,0.5716340362095478,0.8091543012726669,CIT,Teaching strategy,0.870149923731443,1.7064900954839561,0.10508845088581553,0.6,0.001,0.047894363704409276,0.10060144931960027,0.875869555656746,0,0
2025-09-28T21:20:10.917811,4,10,Q-learning,student_4,beginner,0.15593511690694517,0.4178708791199527,0.9222123413329772,0.8370138189653166,0.4351857257743401,0.49553145488551387,0.5668277515272846,0.36881826983357113,SRP,Teaching strategy,1.0885996631568848,2.7950897586408407,0.2188145563242403,0.6,0.001,0.05367361892569701,0.389741829219696,0.5425044768150111,0,0
2025-09-28T21:20:10.952792,4,11,Q-learning,student_4,beginner,0.4662141643012303,0.9526959870631344,0.9026352410753424,0.41536722789574543,0.5253222426437764,0.12922185798935493,0.8452012798677216,0.23195364508167748,CIT,Teaching strategy,0.06769202937538576,2.8627817880162265,0.1329665005709103,0.6,0.001,0.03164997828748374,0.3852556063350059,0.8915991750222048,0,0
2025-09-28T21:20:10.970782,4,12,Q-learning,student_4,beginner,0.903425001340306,0.8691696407112345,0.4537055156340679,0.3110992115402542,0.19245167994715273,0.2948982195671721,0.6393761679526687,0.853088472587231,EP,Teaching strategy,1.9379276945517554,4.8007094825679815,0.7002260905303607,0.6,0.001,0.030355582884516143,0.44659722767361754,0.808501383130116,0,0
2025-09-28T21:20:11.007761,4,13,Q-learning,student_4,beginner,0.9104562778780471,0.8619352140959968,0.35762899195873576,0.4069723974246443,0.9416010634601892,0.767570335501063,0.9093914879505873,0.6158743219919857,SRP,Teaching strategy,0.28655692354259665,5.087266406110578,0.19282753281833154,0.6,0.001,0.02811762566957936,0.12336122041705622,0.5018248641946563,0,0
2025-09-28T21:20:11.030747,4,14,Q-learning,student_4,beginner,0.7952648959523494,0.07079163576500669,0.2071370071385743,0.048262905368024245,0.24146473060986062,0.4255050277992709,0.49859384846946453,0.40166450493813666,SRP,Teaching strategy,0.6377970955143721,5.72506350162495,0.9728840541459957,0.6,0.001,0.02261390364849384,0.43876008279848766,0.637074468017989,0,0
2025-09-28T21:20:11.064727,4,15,Q-learning,student_4,beginner,0.17731555966604517,0.7485364021850728,0.5769510191891594,0.3806736593518507,0.5922795570583581,0.4666705451045009,0.09649921028014452,0.605066156657779,CIT,Teaching strategy,1.5225349499001886,7.247598451525139,0.06069311188198867,0.6,0.001,0.06024218449013986,0.20825846588530667,0.6866173246077935,0,0
2025-09-28T21:20:11.084716,4,16,Q-learning,student_4,beginner,0.29438256960161124,0.49381270103343655,0.24001250726190848,0.7484261531682687,0.04792904468276249,0.7672276522621538,0.24681307513891493,0.3281114688284782,EP,Teaching strategy,0.28566286464246127,7.5332613161676,0.4923115095932944,0.6,0.001,0.013726466229190992,0.20240248320774668,0.8329174214766599,0,0
2025-09-28T21:20:11.109701,4,17,Q-learning,student_4,beginner,0.12659122401612977,0.4236886562106841,0.3001074522292486,0.17939638388995938,0.6376680927427754,0.679117005837384,0.927069977679074,0.3323596766773729,EP,Teaching strategy,-0.04867903556958186,7.484582280598018,0.9529562584935434,0.6,0.001,0.07343676074135168,0.17400536817062268,0.6703850335805914,0,0
2025-09-28T21:20:11.128692,4,18,Q-learning,student_4,beginner,0.5202510399663347,0.8698075284418135,0.734906932501961,0.1980097215847032,0.6090899196174223,0.3968253196133583,0.19734637180256442,0.9088978536299472,SRP,Teaching strategy,0.02365720276878558,7.508239483366804,0.9564622923725808,0.6,0.001,0.04877854585913186,0.4526232030645545,0.5175543547052195,0,0
2025-09-28T21:20:11.150679,4,19,Q-learning,student_4,beginner,0.9371766705258393,0.38644177471424324,0.4092332656145896,0.16084419827739804,0.24672489030420308,0.8544549590110697,0.5723288790186053,0.2648688135406756,CIT,Teaching strategy,0.3444964178400871,7.852735901206891,0.6253367846099844,0.6,0.001,0.08044948291336242,0.2926025997002959,0.5655343986437049,0,0
2025-09-28T21:20:11.168668,4,20,Q-learning,student_4,beginner,0.18921316631654894,0.07585931624124898,0.5205129245728408,0.6701607201353879,0.6975314434801818,0.1802154946522434,0.8195579463580542,0.8428316803657422,CIT,Teaching strategy,1.7533574965805148,9.606093397787406,0.2233976007109475,0.6,0.001,0.0587036650330488,0.2445862932209662,0.7958586123887739,0,0
2025-09-28T21:20:11.222639,5,1,Q-learning,student_5,advanced,0.07336549257247427,0.4058588277651852,0.8670406021558269,0.9582140026139233,0.0013705522168619977,0.3962237330689736,0.9319786373444398,0.18821731639941575,CIT,Teaching strategy,0.9418318558801149,0.9418318558801149,0.8055291096591085,0.5,0.001,0.0038815200111216976,0.11890838119975444,0.5307475521431646,0,0
2025-09-28T21:20:11.240628,5,2,Q-learning,student_5,advanced,0.9057558482613549,0.22061141823183772,0.7395972156283596,0.880011259147275,0.44385624153006564,0.4568659336209038,0.9758290505508365,0.3021203220799573,SRP,Teaching strategy,0.4555108544611812,1.397342710341296,0.9332536221706902,0.5,0.001,0.005911547287847142,0.24523251795602474,0.9107912124198001,0,0
2025-09-28T21:20:11.254275,5,3,Q-learning,student_5,advanced,0.061009906454111085,0.3738697527359538,0.26165078462258773,0.095236086321703,0.7058100778533867,0.1927857408345015,0.018904823834060336,0.9678419598055548,TE,Teaching strategy,1.2993869213919123,2.6967296317332083,0.007846152435547094,0.5,0.001,0.0465367150262819,0.15898352850963687,0.916473499165616,0,0
2025-09-28T21:20:11.280260,5,4,Q-learning,student_5,advanced,0.9506295586248671,0.1061227602038739,0.3735976970546212,0.545532859333009,0.4807502404961097,0.019804167474232637,0.10106839508859611,0.8332999732271761,CIT,Teaching strategy,-0.6821295861072332,2.014600045625975,0.15681506342649532,0.5,0.001,0.07698699715008278,0.42029824125699666,0.568320697745579,0,0
2025-09-28T21:20:11.300249,5,5,Q-learning,student_5,advanced,0.8916932547019831,0.07229747547585241,0.4180108184145682,0.45167612811885605,0.8710291227981882,0.769950982725916,0.39385145931697063,0.895679557389549,CIT,Teaching strategy,1.0623750853653378,3.076975130991313,0.1569769407527043,0.5,0.001,0.012213950311970069,0.1504696650210515,0.857246315913363,0,0
2025-09-28T21:20:11.312242,5,6,Q-learning,student_5,advanced,0.37231999973328267,0.4021597775873481,0.9027915317617494,0.8235988239841219,0.9935264679571131,0.3864473136555552,0.42532938579195945,0.10060306271325548,CIT,Teaching strategy,-0.4217679943459247,2.655207136645388,0.6946411773799173,0.5,0.001,0.08733256332744918,0.15441057457950996,0.7429215554847026,0,0
2025-09-28T21:20:11.329234,5,7,Q-learning,student_5,advanced,0.8663069870900827,0.2835138114934451,0.5027645010119772,0.3475538258777242,0.7229135032568795,0.6133297101264285,0.6815369774739016,0.447551972864893,EP,Teaching strategy,-0.17009813826986708,2.4851089983755212,0.7820009960387944,0.5,0.001,0.006984040115502289,0.2967706341436235,0.5950202922211041,0,0
2025-09-28T21:20:11.340229,5,8,Q-learning,student_5,advanced,0.7017202757482612,0.694035604253389,0.8195550487106581,0.5934643756880547,0.6617243747461431,0.4388208573469041,0.9822711967792834,0.6195196140150004,SRP,Teaching strategy,1.3527207633497031,3.8378297617252244,0.528575847339854,0.5,0.001,0.05539876913781247,0.19669668871896362,0.6915091584472578,0,0
2025-09-28T21:20:11.350220,5,9,Q-learning,student_5,advanced,0.43834767953498055,0.8402093837228733,0.41783382486812004,0.43730182048093236,0.40590068906604815,0.9217977396808955,0.8606265491099556,0.43154051114624903,SRP,Teaching strategy,0.33215795172858775,4.169987713453812,0.16009896121796952,0.5,0.001,0.09231662600777014,0.3110630406677475,0.8838251108848458,0,0
2025-09-28T21:20:11.372208,5,10,Q-learning,student_5,advanced,0.8342808237411935,0.1808432426532378,0.3340838000418459,0.00924403988759781,0.25452500827158153,0.49964418873529737,0.07706103524352848,0.29979556268447427,CIT,Teaching strategy,0.46374159141167626,4.633729304865488,0.5389393801712066,0.5,0.001,0.022968758527740732,0.1830101437136623,0.8584177772563293,0,0
2025-09-28T21:20:11.383202,5,11,Q-learning,student_5,advanced,0.1191274467360357,0.683323801091776,0.42348404172865406,0.8922277957621828,0.34065978142994646,0.20166333157864413,0.4770672306236774,0.7568867106563651,CIT,Teaching strategy,1.5472188798552127,6.180948184720701,0.35419900722637765,0.5,0.001,0.018986293791018828,0.3461260140779546,0.6020723289289172,0,0
2025-09-28T21:20:11.401192,5,12,Q-learning,student_5,advanced,0.5084682874233222,0.2375220290054788,0.011963721611111922,0.8575306640688244,0.29240274626984697,0.9384894358049747,0.5500389528101622,0.23775352430347685,EP,Teaching strategy,1.6457385533214612,7.826686738042162,0.9760010341400402,0.5,0.001,0.04406458189944182,0.26154961089878803,0.6138740212176514,0,0
2025-09-28T21:20:11.412185,5,13,Q-learning,student_5,advanced,0.5110514747316769,0.29751120339650217,0.9617963329821893,0.0466800670012496,0.2691261229365005,0.6250588981607769,0.7073898650217659,0.5637074079028979,CIT,Teaching strategy,1.5042187243106517,9.330905462352813,0.9638517043252408,0.5,0.001,0.016073303595207134,0.4696611072966186,0.5384942657243046,0,0
2025-09-28T21:20:11.432175,5,14,Q-learning,student_5,advanced,0.38468595916378234,0.7457893272697979,0.14528800973179656,0.8493418182600356,0.6372014823499137,0.456475938257503,0.09285550432161549,0.1811141170633842,CIT,Teaching strategy,1.7561098116724763,11.08701527402529,0.7358076833075037,0.5,0.001,0.08673627254561628,0.14150032030288928,0.8580804935044184,0,0
2025-09-28T21:20:11.450165,5,15,Q-learning,student_5,advanced,0.9808921363594285,0.24907910163348435,0.9153304569058669,0.4776424127237159,0.6414952994119264,0.4132356614307803,0.27738821235464184,0.20280692452241667,EP,Teaching strategy,1.8676429472301965,12.954658221255487,0.27594951987901106,0.5,0.001,0.04598976932694124,0.4537832389430191,0.8404462075406592,0,0
2025-09-28T21:20:11.465156,5,16,Q-learning,student_5,advanced,0.014878566272804039,0.22015428592870045,0.189927093904121,0.7962484556482434,0.057771397209331,0.023304825149151442,0.7554054492654118,0.40372038516505204,EP,Teaching strategy,1.9075523484927186,14.862210569748205,0.5781273059719813,0.5,0.001,0.040961558898910226,0.10889948935189442,0.9015271181311428,0,0
2025-09-28T21:20:11.481145,5,17,Q-learning,student_5,advanced,0.8360870798946453,0.9414124773747939,0.5151161062452696,0.8642477001284725,0.6089762532784229,0.8617900405442797,0.6915569696607099,0.34889827862300193,SRP,Teaching strategy,1.799479648124346,16.66169021787255,0.9330434638491496,0.5,0.001,0.08754867293153688,0.10023198831752662,0.877543968800349,0,0
2025-09-28T21:20:11.498138,5,18,Q-learning,student_5,advanced,0.11129870597919556,0.8368988249780615,0.35429222792597903,0.5057484694148887,0.9557398115444783,0.6064569630697115,0.8579119616752102,0.5317466414086948,CIT,Teaching strategy,0.5344434816968522,17.1961336995694,0.0937762711885165,0.5,0.001,0.08255034948487566,0.3171742469990768,0.7082945334249213,0,0
2025-09-28T21:20:11.515127,5,19,Q-learning,student_5,advanced,0.5756709657722945,0.0997567811252067,0.3924912465578244,0.3562736311011522,0.5878413248892808,0.05652218565973821,0.07651709822779429,0.24982481732911566,TE,Teaching strategy,0.1423257101399975,17.338459409709397,0.0391529065943248,0.5,0.001,0.05298043978052559,0.10684598042798901,0.8982426065593866,0,0
2025-09-28T21:20:11.531164,5,20,Q-learning,student_5,advanced,0.34510721398433675,0.9618817380556566,0.7849116252818918,0.07426442896217689,0.059470083498105564,0.6179048130484159,0.25873478708015074,0.936746256441451,TE,Teaching strategy,0.05482761917572221,17.39328702888512,0.09933933744531498,0.5,0.001,0.005826307269771425,0.4966557347820343,0.5371440779705017,0,0
2025-09-28T21:20:11.582088,6,1,DQN,student_6,intermediate,0.668942978666207,0.5380951883109302,0.8160496473501624,0.09120364103016354,0.2169017705119176,0.764083789401025,0.18230024457167338,0.2423035894777582,SRP,Teaching strategy,0.4229637186512425,0.4229637186512425,0.5371941691378437,0.3999999999999999,0.001,0.031084081121693554,0.4456245029938021,0.9326781728726785,0,0
2025-09-28T21:20:11.596081,6,2,DQN,student_6,intermediate,0.8386543453459513,0.5611015213890831,0.6648151987484034,0.0205036590121056,0.9185432782437524,0.40063862691187646,0.3055054485685912,0.7713143940695444,CIT,Teaching strategy,1.7584812488393733,2.1814449674906156,0.6837509879739532,0.3999999999999999,0.001,0.022520935000285205,0.47158134114844474,0.5176993464876374,0,0
2025-09-28T21:20:11.615069,6,3,DQN,student_6,intermediate,0.9449174085284902,0.5403351459991227,0.6300105669825504,0.22009016612321208,0.5664288440140929,0.5495594239341252,0.949020739758288,0.7468649247023162,TE,Teaching strategy,1.0711707351500608,3.2526157026406763,0.9551093880462617,0.3999999999999999,0.001,0.08723233056369448,0.49356461624909287,0.5208885974931542,0,0
2025-09-28T21:20:11.630061,6,4,DQN,student_6,intermediate,0.5128984876617936,0.6598609510943646,0.3890635346315121,0.6828413397679639,0.9046123162023447,0.22586594793238945,0.4916000768363791,0.5934145897362583,CIT,Teaching strategy,-0.4067090390331377,2.8459066636075385,0.2549674850455088,0.3999999999999999,0.001,0.004465158247385204,0.17801019183891312,0.7139608552396726,0,0
2025-09-28T21:20:11.646053,6,5,DQN,student_6,intermediate,0.606924205802521,0.08417225179277477,0.284396737548801,0.6414989791914951,0.22044244875223495,0.4541924465657786,0.6850192318955394,0.7511974309075599,SRP,Teaching strategy,0.2789238828772991,3.1248305464848376,0.6538506833538034,0.3999999999999999,0.001,0.09429641939201733,0.1315636644331955,0.6397595706088264,0,0
2025-09-28T21:20:11.663041,6,6,DQN,student_6,intermediate,0.568551988101266,0.6249273213485338,0.007942938654814435,0.6513759775179342,0.39274350857100915,0.4564785185914664,0.6473525968118574,0.9101898915663278,TE,Teaching strategy,-0.33299182522279636,2.7918387212620415,0.26071824702309254,0.3999999999999999,0.001,0.08672748951695047,0.37203498180849526,0.5215405546892387,0,0
2025-09-28T21:20:11.678034,6,7,DQN,student_6,intermediate,0.14565397984261375,0.5782569658614855,0.09345125556658496,0.2395246224084081,0.18604809043988424,0.6188853583571949,0.8788440344973032,0.15582725953102994,CIT,Teaching strategy,-0.6563484257530907,2.1354902955089505,0.9184147286362389,0.3999999999999999,0.001,0.062263392766453346,0.45008693338070016,0.5616249592673396,0,0
2025-09-28T21:20:11.694024,6,8,DQN,student_6,intermediate,0.5187622011403586,0.3556214104868899,0.7930945741000739,0.5319880470553656,0.9931292348586107,0.7927194237504388,0.7683247347440759,0.7382820294056694,TE,Teaching strategy,0.3509210776052276,2.486411373114178,0.5597205370258153,0.3999999999999999,0.001,0.09352978031367903,0.4251751987777268,0.7511137749617331,0,0
2025-09-28T21:20:11.718011,6,9,DQN,student_6,intermediate,0.8716956159820799,0.4670485050372175,0.4279004614267151,0.7129074765188778,0.8108983487325695,0.15826686229909492,0.9537869421445764,0.45643697777450565,EP,Teaching strategy,-0.9606633654831696,1.5257480076310086,0.017126577379401042,0.3999999999999999,0.001,0.062231175533752306,0.34187510341742067,0.8514454389389727,0,0
2025-09-28T21:20:11.735000,6,10,DQN,student_6,intermediate,0.6039205314483754,0.6333881003904881,0.2690488289964351,0.8237831550907584,0.8990816403424075,0.9403881279940342,0.35146504570957937,0.5358089758947534,SRP,Teaching strategy,0.7876467598182024,2.313394767449211,0.9658824991565909,0.3999999999999999,0.001,0.04763663502002055,0.233488086905431,0.6742381302193551,0,0
2025-09-28T21:20:11.749994,6,11,DQN,student_6,intermediate,0.7395861509697941,0.7710309467855934,0.390063012758915,0.9684078793674001,0.9636875327633455,0.7900233218251103,0.3758765874721328,0.6775328439689816,SRP,Teaching strategy,-0.12723807875206006,2.186156688697151,0.5705297172324039,0.3999999999999999,0.001,0.009124343272878444,0.2120313069346511,0.836193004367543,0,0
2025-09-28T21:20:11.768984,6,12,DQN,student_6,intermediate,0.14438969235575627,0.061616395800833,0.1344075348400121,0.5512108255060733,0.4535041697069938,0.20778688156442515,0.9711920469598994,0.4485892786353399,SRP,Teaching strategy,1.9709305436183602,4.1570872323155115,0.9742284567863398,0.3999999999999999,0.001,0.006243054963433481,0.39229099858156813,0.6761594146030478,0,0
2025-09-28T21:20:11.786970,6,13,DQN,student_6,intermediate,0.4452397670030446,0.08561944744377536,0.6204363059531917,0.8558775335372397,0.12858236374661025,0.23845931266160114,0.9034151533661271,0.40020873114572897,CIT,Teaching strategy,0.25910674765759656,4.416193979973108,0.09184879417065439,0.3999999999999999,0.001,0.09687969758327963,0.1335388383988485,0.5124170451189907,0,0
2025-09-28T21:20:11.802961,6,14,DQN,student_6,intermediate,0.1366565346117662,0.1220588218489953,0.8899968198539131,0.08471678569133445,0.39250869610303196,0.8578997154096706,0.6918388675372895,0.25143464516741465,EP,Teaching strategy,-0.7963772119938497,3.619816767979258,0.18147837338738848,0.3999999999999999,0.001,0.05419515415037046,0.16111176437399388,0.5448324006333709,0,0
2025-09-28T21:20:11.816956,6,15,DQN,student_6,intermediate,0.7758857241505132,0.5983453596504802,0.8350151399205765,0.15162406162289443,0.11583181078172644,0.8098282935736748,0.667405699603678,0.30993536893017604,EP,Teaching strategy,0.9357468074034838,4.555563575382742,0.00504254669227433,0.3999999999999999,0.001,0.08142357557539166,0.19219418491710882,0.6922946228435062,0,0
2025-09-28T21:20:11.832947,6,16,DQN,student_6,intermediate,0.31420261089479307,0.5821013728238158,0.6118875569481909,0.45816618804651355,0.811352766347257,0.8753268520276559,0.4227871013476292,0.1392436650661143,EP,Teaching strategy,1.807820659636119,6.363384235018861,0.08165683760862863,0.3999999999999999,0.001,0.04408673323020898,0.4431731592584439,0.8115044897959733,0,0
2025-09-28T21:20:11.852932,6,17,DQN,student_6,intermediate,0.42572473506018504,0.9662407741116105,0.5058000947749725,0.868141675018174,0.32759637979906786,0.181198326768771,0.3770274828381066,0.017124040213662206,EP,Teaching strategy,1.9638956572818533,8.327279892300714,0.8185647974996569,0.3999999999999999,0.001,0.05827343775858294,0.2818053502344767,0.6205404972888251,0,0
2025-09-28T21:20:11.864927,6,18,DQN,student_6,intermediate,0.24477203886745869,0.7840089619043991,0.7223991721673837,0.4577889154582727,0.45524443246041113,0.3409164333810065,0.9959640227812805,0.7876780043508396,TE,Teaching strategy,-0.9566891238400638,7.370590768460651,0.6369911524331724,0.3999999999999999,0.001,0.040460841105381944,0.28054718484513447,0.7591641227454428,0,0
2025-09-28T21:20:11.879918,6,19,DQN,student_6,intermediate,0.870318847996464,0.3917971528648031,0.3941109752728499,0.37901653909983213,0.4324602890494732,0.4814129178875167,0.6695657299076467,0.6104655724528448,CIT,Teaching strategy,-0.8545660001455438,6.5160247683151065,0.9681230790269967,0.3999999999999999,0.001,0.07285724625739291,0.24208688446542684,0.5206207516436476,0,0
2025-09-28T21:20:11.894911,6,20,DQN,student_6,intermediate,0.5391762507641941,0.15422464302219308,0.10909768974482326,0.1425367543844136,0.6212393597670928,0.17903426934022404,0.8017180407535529,0.9323652520426565,TE,Teaching strategy,-0.2022785526881934,6.313746215626913,0.6549734543161824,0.3999999999999999,0.001,0.02196002291236128,0.4874773760113942,0.6194686214059376,0,0
2025-09-28T21:20:11.951878,7,1,Q-learning,student_7,intermediate,0.001866903620766025,0.8125162541645894,0.9149973174906847,0.3932093287022216,0.658181329465889,0.04619855292411479,0.6419875043701726,0.2599210217631479,EP,Teaching strategy,0.8374546059487822,0.8374546059487822,0.6361924893566542,0.29999999999999993,0.001,0.03779658536833094,0.464615447802882,0.9124659137546662,0,0
2025-09-28T21:20:11.961873,7,2,Q-learning,student_7,intermediate,0.9464893228739831,0.8883144422076539,0.8958162710719466,0.07506397673927456,0.4134519148732392,0.16121886433647736,0.8679400803913013,0.268934781335488,EP,Teaching strategy,0.15211711306606257,0.9895717190148448,0.4218736071316941,0.29999999999999993,0.001,0.05899307268380608,0.47918677412415556,0.827748866253949,0,0
2025-09-28T21:20:11.965868,7,3,Q-learning,student_7,intermediate,0.5199252824959191,0.8850339333946315,0.5747696880671026,0.8842621647292274,0.20513194633689158,0.11383199925971343,0.5693542865863097,0.20929353308679444,SRP,Teaching strategy,1.5702271185564989,2.5597988375713436,0.33254897010862516,0.29999999999999993,0.001,0.005034340173131391,0.43905982026345913,0.8977590944152193,0,0
2025-09-28T21:20:11.967866,7,4,Q-learning,student_7,intermediate,0.43204403492915233,0.6798952500978438,0.0026000187220829307,0.15051838197602185,0.7596517397927123,0.047713980062979555,0.16863375967512373,0.37332384258485507,CIT,Teaching strategy,1.4264800208283406,3.986278858399684,0.1480644802984349,0.29999999999999993,0.001,0.024455217489787375,0.4702991614747992,0.7461080321700069,0,0
2025-09-28T21:20:11.970866,7,5,Q-learning,student_7,intermediate,0.3294144477362446,0.467729150560672,0.6034039567092878,0.014598255157875162,0.5872429994122093,0.463632995413656,0.2471227785267448,0.5403525782987263,EP,Teaching strategy,0.20995543277589213,4.196234291175577,0.719725049227741,0.29999999999999993,0.001,0.026224967786872146,0.3818369878662987,0.6495650631306862,0,0
2025-09-28T21:20:11.983860,7,6,Q-learning,student_7,intermediate,0.09103747679643026,0.31036653979437,0.4605469188187288,0.9919497221054099,0.6846144043772522,0.4491486633317693,0.2559006153757426,0.20534943296321428,SRP,Teaching strategy,1.6118456367047624,5.808079927880339,0.29523242010763195,0.29999999999999993,0.001,0.07180657750145598,0.17865586699768843,0.6290118482135024,0,0
2025-09-28T21:20:11.986858,7,7,Q-learning,student_7,intermediate,0.1813835286704314,0.7437860011278827,0.7923834573845296,0.993825846684847,0.6207034323633259,0.16308110868245462,0.41190490011998027,0.06298736419784412,TE,Teaching strategy,1.7851801804789638,7.593260108359303,0.4964784469753304,0.29999999999999993,0.001,0.03439451593587889,0.3467557391636278,0.6586319302955135,0,0
2025-09-28T21:20:11.991853,7,8,Q-learning,student_7,intermediate,0.6955232887755877,0.45055949715769616,0.2638350653254027,0.4209203217926184,0.9121502924972383,0.6249116010463446,0.17729387490676574,0.7763102281021563,TE,Teaching strategy,-0.6662359761904245,6.927024132168878,0.6431492667048753,0.29999999999999993,0.001,0.03715299767350627,0.3276689395150133,0.60320338165602,0,0
2025-09-28T21:20:11.994850,7,9,Q-learning,student_7,intermediate,0.28671456406990725,0.7880951346858038,0.603874726905232,0.7690484845622719,0.21132808722793228,0.4601849231998403,0.45979101300266234,0.020087389530238142,EP,Teaching strategy,1.9645155458197179,8.891539677988597,0.9424762621838821,0.29999999999999993,0.001,0.07291630509701477,0.21035150713840142,0.7982449452802584,0,0
2025-09-28T21:20:11.997849,7,10,Q-learning,student_7,intermediate,0.43686694437949514,0.28142876507614367,0.6321083358456194,0.2423576174569273,0.6933973209796153,0.32634572349890845,0.7567097918480892,0.44610970842764675,EP,Teaching strategy,0.8130722618472581,9.704611939835855,0.6596552420533354,0.29999999999999993,0.001,0.007157312551224393,0.4637908827088143,0.7957207557112523,0,0
2025-09-28T21:20:11.999848,7,11,Q-learning,student_7,intermediate,0.8335682238029302,0.46302895733003724,0.31176553654223427,0.32983878543097056,0.5896250297672997,0.04059320784249598,0.2873295845202024,0.5236038410684773,CIT,Teaching strategy,-0.786644482120788,8.917967457715067,0.33169235619266935,0.29999999999999993,0.001,0.05396135968079775,0.14729230676958938,0.8986296680086572,0,0
2025-09-28T21:20:12.002847,7,12,Q-learning,student_7,intermediate,0.7584096294605596,0.8093408285467542,0.4820411839810519,0.7072355894012141,0.8137700603089578,0.21354596632738276,0.7911067493781619,0.6915688186654534,TE,Teaching strategy,1.3995920745071802,10.317559532222248,0.6957787591244157,0.29999999999999993,0.001,0.08580080649605251,0.34170251452743516,0.5992003977189446,0,0
2025-09-28T21:20:12.012845,7,13,Q-learning,student_7,intermediate,0.3072580839241702,0.23722867731626596,0.7477218801030604,0.7300621670932104,0.995590967621983,0.8847546030251816,0.08641905470736799,0.24644322632100635,TE,Teaching strategy,1.408902762515063,11.72646229473731,0.9514814432763795,0.29999999999999993,0.001,0.05100873557364038,0.2943425501197515,0.9035554376902879,0,0
2025-09-28T21:20:12.015840,7,14,Q-learning,student_7,intermediate,0.5819228997069884,0.3524543213978816,0.8254154962028972,0.5332268090153915,0.8123261175361891,0.8456528831586797,0.5352608973857101,0.9847666257880642,SRP,Teaching strategy,0.6288565372891832,12.355318832026493,0.5522215681209252,0.29999999999999993,0.001,0.07049180090214457,0.22187962081373924,0.5354654560037787,0,0
2025-09-28T21:20:12.017839,7,15,Q-learning,student_7,intermediate,0.3138223020086427,0.2922882008433799,0.19184845502064551,0.2653619154254352,0.5074326420122132,0.8524825553977471,0.6246538237866875,0.7500898133655817,EP,Teaching strategy,1.520928221805625,13.876247053832117,0.9273288022370323,0.29999999999999993,0.001,0.01303606405943213,0.47845681469328305,0.9175941472891663,0,0
2025-09-28T21:20:12.020836,7,16,Q-learning,student_7,intermediate,0.2621480960949113,0.8670940873745686,0.8101956246563146,0.30033810444050346,0.6909717995286953,0.949590440079711,0.9562011575169035,0.06435906101805466,CIT,Teaching strategy,-0.6944070695541551,13.181839984277962,0.46885095895598494,0.29999999999999993,0.001,0.08426297107836933,0.4411391891535553,0.5582150112042165,0,0
2025-09-28T21:20:12.029831,7,17,Q-learning,student_7,intermediate,0.7608656745996216,0.6183320505837989,0.08954876109227772,0.06897328140119585,0.058563518272318205,0.7855909677474299,0.22879040845578635,0.557222224943893,CIT,Teaching strategy,0.3391051326718162,13.520945116949779,0.27760568321935675,0.29999999999999993,0.001,0.06554059063093973,0.49463220296037835,0.9089431789441925,0,0
2025-09-28T21:20:12.032832,7,18,Q-learning,student_7,intermediate,0.7554946064667839,0.4643675021682956,0.6255522950850727,0.06361935573529165,0.2598329130884993,0.8759845144380473,0.398985429855234,0.46106921219616614,EP,Teaching strategy,1.3040844912503555,14.825029608200134,0.7525646640268784,0.29999999999999993,0.001,0.014587753644767788,0.46086357216943397,0.8058785589230414,0,0
2025-09-28T21:20:12.035829,7,19,Q-learning,student_7,intermediate,0.013374531216085339,0.5983722222375751,0.04263831983299737,0.6170661845992607,0.5489811044598835,0.2174753710653332,0.7032048793845689,0.8559571047070172,TE,Teaching strategy,1.9781686785336694,16.803198286733803,0.9908540399806944,0.29999999999999993,0.001,0.002306914456812936,0.35088666017577685,0.5596599256049968,0,0
2025-09-28T21:20:12.044823,7,20,Q-learning,student_7,intermediate,0.5752422080127619,0.437081728192526,0.38548104149366635,0.5643047975758028,0.7553646095336711,0.8807031805684482,0.7880040583671287,0.9138768111799481,TE,Teaching strategy,-0.06899691537445496,16.734201371359347,0.8850615900327903,0.29999999999999993,0.001,0.07627801205818896,0.4358853492024479,0.6038387093234043,0,0
2025-09-28T21:20:12.059814,8,1,DDPG,student_8,intermediate,0.40769515648842425,0.31378700907584944,0.8571775700963734,0.9262934103861367,0.41013167678645335,0.7801035267093329,0.21142703416105058,0.6961310958184939,CIT,Teaching strategy,1.3304303510017297,1.3304303510017297,0.824324580342339,0.19999999999999996,0.001,0.03416670823686798,0.3224688829163321,0.7199062834057676,0,0
2025-09-28T21:20:12.062816,8,2,DDPG,student_8,intermediate,0.28951889530371977,0.24460119218532572,0.770625859428283,0.08358759916281433,0.1871904354187106,0.03776348246675254,0.6113005376086793,0.16826522503595953,CIT,Teaching strategy,0.6894150374577628,2.0198453884594922,0.19922359800080558,0.19999999999999996,0.001,0.08085932410032116,0.4413165997653603,0.5710160758405584,0,0
2025-09-28T21:20:12.064811,8,3,DDPG,student_8,intermediate,0.48147877342190115,0.5643336863872405,0.1885826453589211,0.14630746129393457,0.11392248040743425,0.4008784755106629,0.931473197531856,0.05490872346658349,EP,Teaching strategy,1.8765493128564632,3.8963947013159554,0.7359037016019372,0.19999999999999996,0.001,0.009972169692648192,0.2833715737544954,0.71729948844929,0,0
2025-09-28T21:20:12.067813,8,4,DDPG,student_8,intermediate,0.32545319423535024,0.6095739643708166,0.22584354891634684,0.020290998757553247,0.20851356462306336,0.9313713925416811,0.8050723767802345,0.19263662817202076,EP,Teaching strategy,0.7974941168573861,4.693888818173342,0.8045716909968301,0.19999999999999996,0.001,0.0036296356783232842,0.10876252243389915,0.7520851645226627,0,0
2025-09-28T21:20:12.077804,8,5,DDPG,student_8,intermediate,0.8520135499705519,0.8210293603983286,0.8928734112491903,0.5464787462769152,0.6457452016898254,0.2744800291860572,0.12993803849592633,0.9697833288890945,CIT,Teaching strategy,1.3737083869540783,6.06759720512742,0.14955132530842175,0.19999999999999996,0.001,0.04105407732504608,0.2554535557538844,0.8949614052366248,0,0
2025-09-28T21:20:12.080806,8,6,DDPG,student_8,intermediate,0.7592582061927536,0.3311355189744205,0.08426672606330854,0.14070200018029388,0.2700807492310169,0.1624652650569719,0.05337142312662391,0.2758098315735318,CIT,Teaching strategy,1.8122192406004354,7.8798164457278554,0.5543593611025179,0.19999999999999996,0.001,0.08722124718651764,0.22875104276695588,0.6327486286916055,0,0
2025-09-28T21:20:12.083804,8,7,DDPG,student_8,intermediate,0.9407455807018575,0.08849869914507968,0.6178785823720506,0.9209144879289003,0.7912953113303902,0.6457871293999922,0.5395402455298908,0.40441188598269284,TE,Teaching strategy,-0.8742836935602087,7.005532752167647,0.2941738461406924,0.19999999999999996,0.001,0.08351107871219166,0.1239104087616957,0.716498232953003,0,0
2025-09-28T21:20:12.097792,8,8,DDPG,student_8,intermediate,0.7023072290539432,0.33498587193551566,0.5292777581471165,0.23393828677191775,0.4149536444910912,0.878710834472152,0.21117299950558222,0.7701413448752004,SRP,Teaching strategy,1.780738303356424,8.786271055524072,0.018666157166873587,0.19999999999999996,0.001,0.03741364993731754,0.2718169873700449,0.7741981380147773,0,0
2025-09-28T21:20:12.101790,8,9,DDPG,student_8,intermediate,0.5676668911335617,0.01438817051862884,0.16345902837819926,0.4658205769655742,0.7416070428461667,0.379671389588501,0.22538027155603269,0.27231683036629595,SRP,Teaching strategy,-0.4547975656584258,8.331473489865646,0.5046122198992449,0.19999999999999996,0.001,0.09070232800097502,0.4368956491655416,0.8618695703621795,0,0
2025-09-28T21:20:12.106789,8,10,DDPG,student_8,intermediate,0.03274066841220591,0.3258040424520803,0.7195004419015282,0.29447768469634117,0.32886312517096317,0.29770313148876093,0.0008639416548463785,0.785214780853717,EP,Teaching strategy,-0.86433718670655,7.467136303159096,0.17981965424608126,0.19999999999999996,0.001,0.04836508207410988,0.17591442636729204,0.5529206829971188,0,0
2025-09-28T21:20:12.110786,8,11,DDPG,student_8,intermediate,0.285149109111115,0.7721306270368573,0.9447103089802671,0.4587005901315663,0.3287326811632486,0.9588266742219927,0.8088690187601011,0.3584024403628787,EP,Teaching strategy,1.966955095536565,9.43409139869566,0.9579364334209082,0.19999999999999996,0.001,0.035699791366683296,0.40226906762392045,0.6924369125549847,0,0
2025-09-28T21:20:12.114783,8,12,DDPG,student_8,intermediate,0.9920501622467194,0.4175125867555659,0.2665630125466196,0.11075892362600348,0.6122573670397558,0.44095716620120795,0.0346521562292339,0.6246907495404044,SRP,Teaching strategy,-0.7412577232548405,8.69283367544082,0.6076736274527251,0.19999999999999996,0.001,0.018768933232109066,0.34942907021421626,0.7720928169455835,0,0
2025-09-28T21:20:12.126775,8,13,DDPG,student_8,intermediate,0.6007629370310598,0.6314200824434333,0.15077560736597218,0.8039934791335196,0.3099595013173124,0.5100880596566315,0.3699004633921156,0.4084462505707972,EP,Teaching strategy,1.3138420282261363,10.006675703666957,0.6911345661870251,0.19999999999999996,0.001,0.07980659395328504,0.29192348002482676,0.8878971747304029,0,0
2025-09-28T21:20:12.129773,8,14,DDPG,student_8,intermediate,0.4931211886459038,0.518275549576372,0.4231318578839891,0.18541189470312802,0.7141494726977988,0.3091160390697444,0.4840749914161605,0.2366547923453396,TE,Teaching strategy,0.9647159338571547,10.971391637524112,0.8154968965656448,0.19999999999999996,0.001,0.06750275676250105,0.2534340744439741,0.5699523007059458,0,0
2025-09-28T21:20:12.132773,8,15,DDPG,student_8,intermediate,0.4499130662721995,0.2837306990043208,0.9125546294522535,0.8842590662103044,0.27723550640633765,0.8939264661575083,0.020084539654844358,0.9840706694523589,SRP,Teaching strategy,1.3018137718054419,12.273205409329554,0.36632635409960335,0.19999999999999996,0.001,0.043677426377527855,0.18564956843660574,0.873691930957596,0,0
2025-09-28T21:20:12.136772,8,16,DDPG,student_8,intermediate,0.5714133708395527,0.6693409703426628,0.2581940953979446,0.7154023752403301,0.3048126370685327,0.7030549928904088,0.6000608831906413,0.3202496982387575,TE,Teaching strategy,-0.9214001995931373,11.351805209736417,0.46502969719040455,0.19999999999999996,0.001,0.039313346283758877,0.23161092881113157,0.629474535758981,0,0
2025-09-28T21:20:12.140768,8,17,DDPG,student_8,intermediate,0.028250081056218845,0.8593304412734876,0.2694149238817052,0.9261894054791042,0.4992013885965547,0.6752983534894819,0.46785991606000854,0.2133062389766598,TE,Teaching strategy,1.1836571974136145,12.535462407150032,0.14742973113622448,0.19999999999999996,0.001,0.023568396705353933,0.45057269993404125,0.5289664527800756,0,0
2025-09-28T21:20:12.144766,8,18,DDPG,student_8,intermediate,0.027006623603332613,0.10579250905262538,0.6754219565600351,0.020661360963486364,0.6272908661059213,0.6861785508840607,0.5444912938261746,0.9501390711763698,TE,Teaching strategy,-0.3284098525293717,12.20705255462066,0.3768059449106447,0.19999999999999996,0.001,0.07223558018281903,0.3674491110116085,0.7294325302062661,0,0
2025-09-28T21:20:12.157762,8,19,DDPG,student_8,intermediate,0.7243055156145577,0.6980623308507112,0.769842874456941,0.9696992736358133,0.31487344067505607,0.6790803767665111,0.06481041815364408,0.5231041464479186,SRP,Teaching strategy,1.5736167890589932,13.780669343679653,0.8098655035333642,0.19999999999999996,0.001,0.07677105771205446,0.2860685619643009,0.8611403464263715,0,0
2025-09-28T21:20:12.160758,8,20,DDPG,student_8,intermediate,0.14597840220160896,0.9283707517197479,0.05946980259254009,0.9977312444477677,0.3779173206050377,0.35964996099813595,0.70151022359337,0.7914929499150012,CIT,Teaching strategy,1.4646389365109775,15.245308280190631,0.7978768969997349,0.19999999999999996,0.001,0.040305267787651824,0.45699853187799133,0.5382518428984129,0,0
2025-09-28T21:20:12.168754,9,1,TRPO,student_9,beginner,0.6150968652796803,0.5302231937773473,0.8125770758259625,0.2858534767366979,0.4899654613034319,0.6215016110709033,0.4473767405831658,0.8015188209287207,CIT,Teaching strategy,1.5753770377884848,1.5753770377884848,0.5864564830649646,0.1,0.001,0.005972701423304472,0.15388696035978275,0.6135879224708903,0,0
2025-09-28T21:20:12.172753,9,2,TRPO,student_9,beginner,0.004316988329153837,0.26353770393926057,0.45593190800756045,0.08816435774498144,0.11308752693349333,0.6923407205693577,0.8911441872975694,0.29321947543497995,SRP,Teaching strategy,0.2127329937413267,1.7881100315298115,0.19089146982427752,0.1,0.001,0.05227485982013863,0.1801455553465322,0.940779682167945,0,0
2025-09-28T21:20:12.175747,9,3,TRPO,student_9,beginner,0.4742211581588748,0.21081290897138638,0.2446412616825343,0.6564670351719387,0.630674657555768,0.6434217990484713,0.8458355640421648,0.07388775575958784,SRP,Teaching strategy,0.011422632797239984,1.7995326643270515,0.4909158856366854,0.1,0.001,0.06828402566710974,0.40604579664758167,0.850996587543991,0,0
2025-09-28T21:20:12.177749,9,4,TRPO,student_9,beginner,0.24003506314244205,0.023403135625100213,0.9736390578710556,0.15455422604683955,0.8334502713720561,0.853841096170494,0.37736903846214054,0.5451723389224539,EP,Teaching strategy,1.2336241767315808,3.0331568410586325,0.07239293297742222,0.1,0.001,0.015217216069801899,0.23588431259019252,0.6192073617627399,0,0
2025-09-28T21:20:12.186743,9,5,TRPO,student_9,beginner,0.48234500929314006,0.4491070608787542,0.16677399014513639,0.2655550712940937,0.41452796124583957,0.6368539127983944,0.3166379012570164,0.5603374285306374,CIT,Teaching strategy,0.6185237650839448,3.6516806061425773,0.6198302381832154,0.1,0.001,0.06657968306751329,0.19410837666669628,0.9460172598556978,0,0
2025-09-28T21:20:12.190739,9,6,TRPO,student_9,beginner,0.43740164709277984,0.29121501249878634,0.9627619947789405,0.7342217532104885,0.9031765063614543,0.65762934335237,0.4317379585012089,0.413582650249544,EP,Teaching strategy,1.9951766721685775,5.646857278311154,0.10098486932921191,0.1,0.001,0.030696908228083075,0.4548007946429701,0.5815199439220685,0,0
2025-09-28T21:20:12.193737,9,7,TRPO,student_9,beginner,0.7949075611666824,0.6430742292166157,0.7791952265148038,0.7767572121460602,0.12010524710951831,0.4364723468692241,0.2519413225445928,0.9908968732252543,EP,Teaching strategy,0.2798966903385405,5.926753968649695,0.008624595258595491,0.1,0.001,0.0071408967096804,0.497575547154815,0.7727783229578129,0,0
2025-09-28T21:20:12.209728,9,8,TRPO,student_9,beginner,0.4506236467988758,0.4127220938718038,0.11518753200299114,0.3653903915392893,0.7035266228076844,0.9112152622838142,0.6809577899418463,0.34983920571963223,SRP,Teaching strategy,0.08958518046981911,6.016339149119514,0.6465535242421486,0.1,0.001,0.07886644777823605,0.4575551128071139,0.7843731242531922,0,0
2025-09-28T21:20:12.216724,9,9,TRPO,student_9,beginner,0.8697198491248247,0.48445498948079235,0.003780560934649402,0.6387269563032548,0.14642165085810166,0.8954499914639191,0.02905481284346567,0.38897236293393544,TE,Teaching strategy,0.37728990756676284,6.393629056686278,0.4226293389820962,0.1,0.001,0.012173480348635968,0.3736622548852503,0.5999061645137234,0,0
2025-09-28T21:20:12.219723,9,10,TRPO,student_9,beginner,0.710074011126719,0.3872711576417863,0.3402220786063598,0.8924737283772459,0.09637279150491485,0.33851240151382445,0.4286254772213749,0.33862973332803536,TE,Teaching strategy,-0.4084414310545993,5.985187625631679,0.6786833716063675,0.1,0.001,0.0013987641084999836,0.15677228752805628,0.7438420157895175,0,0
2025-09-28T21:20:12.223720,9,11,TRPO,student_9,beginner,0.8992706629838291,0.19168615138570366,0.7576244373539754,0.48699928148833693,0.0032106136672543917,0.16424076948228616,0.2943920858139758,0.9176398904518619,SRP,Teaching strategy,1.0284272821998854,7.013614907831564,0.9875733236544865,0.1,0.001,0.06261523744354984,0.31443923806572804,0.6404639931019542,0,0
2025-09-28T21:20:12.232716,9,12,TRPO,student_9,beginner,0.5769689667414508,0.4548989150065026,0.5625994386836605,0.09594240218534489,0.5148683269508753,0.7537343292791575,0.9940438859571288,0.3140164043407486,CIT,Teaching strategy,-0.5143180043875963,6.499296903443968,0.11418570845426013,0.1,0.001,0.08034716928262468,0.3649353008909929,0.5496967323541356,0,0
2025-09-28T21:20:12.235714,9,13,TRPO,student_9,beginner,0.3789796556495113,0.651676991500095,0.6923412976314696,0.4103882469902257,0.9110049451056124,0.3879809304748072,0.8102455433792205,0.4129579817399984,SRP,Teaching strategy,1.4509457545669049,7.950242658010873,0.7165421215610493,0.1,0.001,0.0618119885278325,0.4710899748277908,0.9416492869590127,0,0
2025-09-28T21:20:12.238716,9,14,TRPO,student_9,beginner,0.7391599253228639,0.7545351062399818,0.8633547685549264,0.8054928804408533,0.11155619980862164,0.18578848094730005,0.2988400981224929,0.8801033104275606,TE,Teaching strategy,0.22905587240245895,8.179298530413332,0.7677084113248079,0.1,0.001,0.006430911842016174,0.498802256213851,0.8213323503417,0,0
2025-09-28T21:20:12.247706,9,15,TRPO,student_9,beginner,0.9660295972787962,0.9973505770885568,0.13752791591061053,0.1729860729551851,0.5894495497952561,0.48125847294193114,0.38923378900416317,0.29215962567348785,CIT,Teaching strategy,-0.3482602508424191,7.8310382795709135,0.728059412560468,0.1,0.001,0.02618487569625251,0.15404545020981458,0.5246189660243477,0,0
2025-09-28T21:20:12.250705,9,16,TRPO,student_9,beginner,0.4434307192393562,0.9845039535931844,0.1835633002847279,0.4197704107106266,0.08559045651510977,0.799419043282463,0.7213433812827547,0.7858793570858377,EP,Teaching strategy,0.7675536809959258,8.59859196056684,0.3586009577650462,0.1,0.001,0.06164099536792242,0.4247290601669116,0.6770330554854881,0,0
2025-09-28T21:20:12.253703,9,17,TRPO,student_9,beginner,0.0163100748561269,0.2688695462943441,0.5699835587076777,0.10376778119531693,0.3564243031834524,0.12987559622402634,0.969266761596199,0.22249258994309673,EP,Teaching strategy,-0.663839599642708,7.934752360924131,0.48679821023713743,0.1,0.001,0.012746457288142466,0.4593207077406283,0.611143544209294,0,0
2025-09-28T21:20:12.266696,9,18,TRPO,student_9,beginner,0.4728919329525344,0.5968781068098232,0.7759997468248517,0.06731628755144159,0.16602324726772444,0.30782122088994557,0.3843585715262622,0.6146678052136612,EP,Teaching strategy,0.9553553033310109,8.890107664255142,0.13434789959384252,0.1,0.001,0.0449471575295261,0.17099964102122622,0.9084810384107259,0,0
2025-09-28T21:20:12.269695,9,19,TRPO,student_9,beginner,0.44336402580997725,0.3883483370415428,0.37228437576968276,0.43899060027746717,0.5158783396564672,0.3421875554196818,0.7350577386958506,0.9179424114133523,EP,Teaching strategy,1.1520625550131829,10.042170219268325,0.18511403217712596,0.1,0.001,0.03578301337050351,0.36066397166405817,0.5247643500075484,0,0
2025-09-28T21:20:12.274692,9,20,TRPO,student_9,beginner,0.24606476164678892,0.5841601215266734,0.8965976566487397,0.7013120759499156,0.9341805916529448,0.5576837322193822,0.9854219047802453,0.05241237728025805,SRP,Teaching strategy,1.9028544535270808,11.945024672795405,0.20346054753811982,0.1,0.001,0.05968016734999579,0.3937616591853227,0.7636130050248677,0,0
